setting,n_cls_tasks,mean_f1_macro,mean_accuracy,n_reg_tasks,mean_r2,delta_f1_vs_real,delta_r2_vs_real
Real -> Real,7,0.3532708856956871,0.6981809755532382,10,0.5740674396775937,0.0,0.0
DP-SGD -> Real,7,0.28117874939029202,0.6057235546286641,10,-4.66406284635896,-0.17209213630539508,-4.23813028603655
