setting,n_cls_tasks,mean_f1_macro,mean_accuracy,n_reg_tasks,mean_r2,delta_f1_vs_real,delta_r2_vs_real
Real -> Real,7,0.3532708856956871,0.6981809755532382,10,0.5740674396775937,0.0,0.0
DP-SGD -> Real,7,0.2583,0.6178,10,-2.9051,-0.0950,-3.4792
TabDDPM+TAME -> Real,7,0.3236226900882074,0.6870582782991541,10,0.530209670967676,-0.029648195607479675,-0.10427711064527
