setting,n_cls_tasks,mean_f1_macro,mean_accuracy,n_reg_tasks,mean_r2,delta_f1_vs_real,delta_r2_vs_real
Real -> Real,8,0.45477291724781443,0.7701704545454545,6,0.2427378432521022,0.0,0.0
TabDDPM -> Real,8,0.43665797776490195,0.7648034398034398,6,0.23232719065237784,-0.018114939482912484,-0.010410652599724374
DP-TabDDPM -> Real,8,0.3432449903658922,0.7034090909090909,6,-1.6575505043844956,-0.11152792688192226,-1.9002883476365977
TabDDPM+TAME -> Real,8,0.436277320470483,0.7640740171990172,6,0.2515886549127232,-0.018495596777331424,0.008850811660620989
