setting,n_cls_tasks,mean_f1_macro,mean_accuracy,n_reg_tasks,mean_r2,delta_f1_vs_real,delta_r2_vs_real
Real -> Real,7,0.3532708856956871,0.6981809755532382,10,0.5740674396775937,0.0,0.0
TabDDPM -> Real,7,0.3252907442689746,0.694473409801877,10,0.5241453555171474,-0.027980141426712513,-0.0499220841604463
DP-TabDDPM -> Real,7,0.3099148255374162,0.6898389526126751,10,-5.224635841321144,-0.04335606015827087,-5.798703280998737
TabDDPM+TAME -> Real,7,0.3236226900882074,0.6870582782991541,10,0.530209670967676,-0.029648195607479675,-0.10427711064527
