setting,n_cls_tasks,mean_f1_macro,mean_accuracy,n_reg_tasks,mean_r2,delta_f1_vs_real,delta_r2_vs_real
Real -> Real,9,0.6753950017394154,0.8347777777777776,14,0.6991131852149832,0.0,0.0
TabDDPM -> Real,9,0.5471648789473603,0.8113703703703704,14,0.47254533162536766,-0.12823012279205503,-0.22656785358961556
DP-TabDDPM -> Real,9,0.4417823373061363,0.7584074074074074,14,-27.15212938238756,-0.23361266443327905,-27.851242567602544
TabDDPM+TAME -> Real,9,0.5416071016635341,0.810962962962963,14,0.5443062454420422,-0.13378790007588126,-0.15480693977294102
