setting,n_cls_tasks,mean_f1_macro,mean_accuracy,n_reg_tasks,mean_r2,delta_f1_vs_real,delta_r2_vs_real
Real -> Real,6,0.5567191250946252,0.8452380952380952,5,-0.5567930561378083,0.0,0.0
TabDDPM -> Real,6,0.5513461648046344,0.8445952380952381,5,-2.9336259745602686,-0.005372960289990791,-2.37683291842246
DP-TabDDPM -> Real,6,0.5378950917086873,0.8416666666666668,5,-1139.2061286680078,-0.018824033385937855,-11.64933561187
TabDDPM+TAME -> Real,6,0.556067433276162,0.8466904761904761,5,-0.9816562035686067,-0.0006516918184631404,-0.42486314743079845
